ABHANDLUNGEN	125.6500015258789	151.75347900390625	13.9761962890625	117.65283966064453	0	SCTSAD+TimesNewRomanPSMT
Machtkreislaufund Recht in Demokratien*	125.6500015258789	238.474365234375	11.03656005859375	202.31295013427734	1	SCTSAD+TimesNewRomanPSMT
Niklas Luhmann	125.6500015258789	264.18701171875	9.50042724609375	65.34142303466797	2	OTTUIW+TimesNewRomanPS-ItalicMT
Zusammenfassung: Aufgrund europäischer Tradition hat die moderne Gesellschaft sich in Richtung	125.45000457763672	325.1806335449219	8.528076171875	348.50904083251953	3	SCTSAD+TimesNewRomanPSMT
auf ein funktional differenziertes System entwickelt, das seinen Teilsystemen hohe Autonomie ge­	125.20000457763672	335.2272644042969	8.50848388671875	349.63050079345703	3	SCTSAD+TimesNewRomanPSMT
währt. Die Entscheidungen dieser Teilsysteme konstituieren sich infolgedessen durch Bezug auf an­	124.95000457763672	345.0780334472656	8.50750732421875	349.63050079345703	3	SCTSAD+TimesNewRomanPSMT
dere Entscheidungen desselben Teilsystems (Selbstreferenz). Im Laufe von Auseinandersetzungen	124.95000457763672	355.1820373535156	8.5023193359375	348.48096466064453	3	SCTSAD+TimesNewRomanPSMT
mit dem Problem der Kontingenz des positiven Rechts hat die Rechtsdogmatik die Selbstreferenz	124.94998931884766	364.9796142578125	8.50543212890625	348.4112777709961	3	SCTSAD+TimesNewRomanPSMT
des Rechts zunehmend anerkennen müssen. Das politische System hat sich von einer Hierarchie in	124.45000457763672	375.0793762207031	8.505767822265625	348.2614212036133	3	SCTSAD+TimesNewRomanPSMT
ein System mit Machtkreisläufen gewandelt, die Politik, Verwaltung und Publikum miteinander ver­	124.45000457763672	384.67962646484375	8.50543212890625	349.63050079345703	3	SCTSAD+TimesNewRomanPSMT
binden. Beide Entwicklungen bedingen und verstärken sich wechselseitig.	124.45000457763672	394.7780456542969	8.50750732421875	255.79163360595703	3	SCTSAD+TimesNewRomanPSMT
Summary. Modern society has developed from European traditions as a functionally differentiated	124.25	414.431884765625	8.52484130859375	348.5756530761719	4	SCTSAD+TimesNewRomanPSMT
system that grants a considerable degree of autonomy to its Subsystems. As a result the decisions	124.25	424.5284423828125	8.506988525390625	349.0492248535156	4	SCTSAD+TimesNewRomanPSMT
of these Subsystems are constituted hy reference to other decisions of the same Subsystem (self-	124.0	434.3794250488281	8.505706787109375	348.7153015136719	4	SCTSAD+TimesNewRomanPSMT
reference). In dealing with the problem of the contingency of positive law the substantive law	124.25	444.1802062988281	8.50469970703125	348.5152282714844	4	SCTSAD+TimesNewRomanPSMT
(Rechtsdogmatik) recogniz.es and accepts self-reference. The political System has changed; what	124.25	454.2784423828125	8.506988525390625	348.28204345703125	4	SCTSAD+TimesNewRomanPSMT
was a hierarchical Order has become a System with power circuits connecting politics, administra­	123.75	464.1295471191406	8.50555419921875	350.1304931640625	4	SCTSAD+TimesNewRomanPSMT
tion and the public. Each of these developments conditions and reinforces the other.	124.00000762939453	474.43109130859375	8.5035400390625	296.2479476928711	4	SCTSAD+TimesNewRomanPSMT
I.	123.5	509.6890869140625	9.497802734375	4.381004333496094	5	OTTUIW+TimesNewRomanPS-ItalicMT
Mein Thema betrifft die Beziehungen von Politik und Recht unter modernen Bedin­	123.5	533.65478515625	9.508453369140625	349.9635009765625	6	SCTSAD+TimesNewRomanPSMT
gungen. Ich werde vom Standpunkt europäischer Erfahrungen aus sprechen. Damit soll	123.05000305175781	545.9093017578125	9.502716064453125	348.8180389404297	6	SCTSAD+TimesNewRomanPSMT
nicht behauptet sein, daß diese Erfahrungen unter allen Bedingungen gültig sind; auch	123.25	558.1576538085938	9.5047607421875	348.2854919433594	6	SCTSAD+TimesNewRomanPSMT
nicht, daß sie für alle Länder gelten, und erst recht nicht, daß sie auf lange Sicht den	123.05000305175781	570.4063720703125	9.506378173828125	348.21449279785156	6	SCTSAD+TimesNewRomanPSMT
künftigen Entwicklungen standhalten werden. Sie sind jedoch bedeutsam genug, um	123.05000305175781	582.4085693359375	9.503585815429688	348.23741149902344	6	SCTSAD+TimesNewRomanPSMT
sorgfältige theoretische Analyse zu verdienen. Sie sind bedeutsam, weil in historisch	122.80000305175781	594.4088134765625	9.503265380859375	348.3793487548828	6	SCTSAD+TimesNewRomanPSMT
einmaliger Weise von Europa ausgehend die Lebensbedingungen der Menschheit geän­	122.55000305175781	606.6074829101562	9.504959106445312	349.96351623535156	6	SCTSAD+TimesNewRomanPSMT
dert worden sind, und zwar durch Übergang von traditionalen Adelsgesellschaften zu	122.30000305175781	618.607177734375	9.505355834960938	348.5207977294922	6	SCTSAD+TimesNewRomanPSMT
einem neuartigen Typus der modernen Gesellschaft. Wir müssen die Struktur dieser	122.30000305175781	630.86083984375	9.5006103515625	348.79124450683594	6	SCTSAD+TimesNewRomanPSMT
*	121.8499984741211	655.63525390625	8.498153686523438	2.8497695922851562	7	SCTSAD+TimesNewRomanPSMT
Vortrag auf dem 1. Encontro Brasileiro de Filosofia do Direito vom 28.9.—3.10.1980 in Joäo	133.59999084472656	655.6275634765625	8.508148193359375	336.03440856933594	8	SCTSAD+TimesNewRomanPSMT
Pessoa, Paraiba. Bei der Übersetzung ins Deutsche und bei der redaktionellen Überarbeitung ha­	133.59999084472656	664.5294799804688	8.505691528320312	337.38050842285156	8	SCTSAD+TimesNewRomanPSMT
be ich die Vortragsform beibehalten.	132.84999084472656	673.6294555664062	8.505691528320312	128.36488342285156	8	SCTSAD+TimesNewRomanPSMT
Zeitschrift für Rechtssoziologie 2 (1981), Heft 2, S. 158—167	121.0999984741211	703.6307373046875	8.503997802734375	216.25040435791016	9	SCTSAD+TimesNewRomanPSMT
© Westdeutscher Verlag	387.25	703.178466796875	8.506973266601562	82.82281494140625	10	SCTSAD+TimesNewRomanPSMT
Macbtkreislauj und Kerbt in Demokratien	225.25	136.303955078125	8.50408935546875	147.93060302734375	11	OTTUIW+TimesNewRomanPS-ItalicMT
159	460.25	135.75823974609375	9.50396728515625	12.955352783203125	12	SCTSAD+TimesNewRomanPSMT
Veränderung begreifen was immer die Folgerungen sein werden, die wir für die Zu­	125.45000457763672	160.2056884765625	9.50726318359375	349.21350860595703	13	SCTSAD+TimesNewRomanPSMT
kunft daraus ziehen werden. Wir brauchen uns nicht an die Formen und Erfahrungen	125.20000457763672	172.45867919921875	9.50341796875	347.25843048095703	13	SCTSAD+TimesNewRomanPSMT
zu klammern, die den Übergang zur Moderne ermöglicht und die in Europa sich be­	125.20000457763672	184.4556884765625	9.50726318359375	349.21350860595703	13	SCTSAD+TimesNewRomanPSMT
währt haben. Aber ohne Verständnis für sie und ohne Fähigkeit zu einer angemessenen	124.95000457763672	196.45635986328125	9.50640869140625	347.70792388916016	13	SCTSAD+TimesNewRomanPSMT
theoretischen Rekonstruktion werden wir kaum in der Lage sein, die Probleme der ge­	124.95000457763672	208.2076416015625	9.5047607421875	349.2634963989258	13	SCTSAD+TimesNewRomanPSMT
genwärtigen Weltlage zu begreifen.	124.45000457763672	220.00799560546875	9.5042724609375	137.61511993408203	13	SCTSAD+TimesNewRomanPSMT
Mein zweiter Ausgangspunkt liegt in der soziologischen Theorie. Diese Theorie ist ihrer­	124.45000457763672	232.00836181640625	9.50384521484375	349.5134963989258	13	SCTSAD+TimesNewRomanPSMT
seits ein unterentwickeltes Land, kaum in der Lage, auf die Fragen, die wir stellen	124.45000457763672	244.0086669921875	9.50341796875	347.99369049072266	13	SCTSAD+TimesNewRomanPSMT
möchten, eine angemessene Antwort zu geben. Ich sehe hier jedoch gute Chancen für	124.95000457763672	255.75714111328125	9.50543212890625	347.77481842041016	13	SCTSAD+TimesNewRomanPSMT
eine weitere Entwicklung — teils auf der Grundlage der „einheimischen“ Traditionen	124.45000457763672	267.75750732421875	9.50494384765625	347.69620513916016	13	SCTSAD+TimesNewRomanPSMT
soziologischer Theorie, teils auf der Grundlage neuerer Entwicklungen in der allgemei­	124.25	279.50750732421875	9.50494384765625	349.4635009765625	13	SCTSAD+TimesNewRomanPSMT
nen Systemtheorie.	124.25	291.51116943359375	9.50018310546875	76.16316223144531	13	SCTSAD+TimesNewRomanPSMT
Die soziologische Tradition man kann hier an Spencer oder Dürkheim oder Parsons	124.70000457763672	302.80712890625	9.50543212890625	347.6921157836914	13	SCTSAD+TimesNewRomanPSMT
denken — hat vor allem das Konzept der Differenzierung der Gesellschaft anzubieten.	124.25	315.00762939453125	9.52862548828125	347.0643615722656	13	SCTSAD+TimesNewRomanPSMT
Es wird heute im allgemeinen als Systemdifferenzierung verstanden. Das heißt; Die Ge­	124.45000457763672	327.0077819824219	9.5303955078125	349.0134963989258	13	SCTSAD+TimesNewRomanPSMT
sellschaft läßt sich auffassen als ein System, das in eine Vielzahl von Subsystemen dif­	124.0	339.0057373046875	9.50726318359375	349.0135192871094	13	SCTSAD+TimesNewRomanPSMT
ferenziert ist. Dementsprechend unterscheiden sich traditionale und moderne Gesell­	124.25	351.2597961425781	9.50201416015625	348.9635009765625	13	SCTSAD+TimesNewRomanPSMT
schaften durch das Prinzip ihrer Differenzierung. Traditionale Gesellschaften beruhen	123.75	363.2588806152344	9.503204345703125	347.552490234375	13	SCTSAD+TimesNewRomanPSMT
auf dem Prinzip der Stratifikation. Sie sind hierarchisch differenziert in verschiedene	123.75	375.25750732421875	9.504974365234375	347.9502868652344	13	SCTSAD+TimesNewRomanPSMT
Schichten nach Maßgabe sozialen Ranges. Ihr Differenzierungsprinzip beruht auf ei­	123.75	387.5081787109375	9.50408935546875	349.0135192871094	13	SCTSAD+TimesNewRomanPSMT
ner Unterscheidung von oben und unten. Die moderne Gesellschaft ist dagegen in er­	123.75	399.2596740722656	9.502166748046875	349.2635192871094	13	SCTSAD+TimesNewRomanPSMT
ster Linie nach Funktionsbereichen gegliedert. Sie ordnet ihre wichtigsten Subsysteme	123.5	411.2578125	9.50457763671875	347.8193664550781	13	SCTSAD+TimesNewRomanPSMT
bestimmten Funktionen zu — etwa Funktionen der Wirtschaft, der wissenschaftlichen	123.5	423.0080261230469	9.504302978515625	347.6854248046875	13	SCTSAD+TimesNewRomanPSMT
Forschung, der Erziehung, der Politik, des Rechts. In dieser Ordnung gibt es durchaus	124.0	435.00787353515625	9.504486083984375	347.6087646484375	13	SCTSAD+TimesNewRomanPSMT
noch Stratifikation, aber dies nur noch in der abgöschwächten Form der Klassenbil­	123.75	446.807861328125	9.504486083984375	349.0135192871094	13	SCTSAD+TimesNewRomanPSMT
dung, die sich durch die zXutonomie der Funktionssysteme (vor allem Erziehung und	123.0500259399414	458.80523681640625	9.50787353515625	347.75524139404297	13	SCTSAD+TimesNewRomanPSMT
Wirtschaft) reproduziert.	123.05000305175781	470.8133239746094	9.497406005859375	98.3623046875	13	SCTSAD+TimesNewRomanPSMT
Diese hier nur rasch skizzierte Theorie der Differenzierung1 läßt sich kombinieren	123.5	482.557861328125	9.504486083984375	347.40826416015625	13	SCTSAD+TimesNewRomanPSMT
mit einer ganz neuartigen Theorie selbstreferentiell-geschlossener Systeme, die derzeit	123.75	494.5589294433594	9.529266357421875	347.4356994628906	13	SCTSAD+TimesNewRomanPSMT
im Rahmen logischer, kybernetischer und allgemein systemtheoretischer Forschungen	123.5	506.8076477050781	9.504730224609375	347.220947265625	13	SCTSAD+TimesNewRomanPSMT
entwickelt wird12. Selbstreferentielle Systeme sind Systeme, die in der Lage sind, die	123.25	518.3582763671875	9.504058837890625	347.6116027832031	13	SCTSAD+TimesNewRomanPSMT
Elemente, aus denen sie bestehen, selbst zu reproduzieren - seien es nun Zellen oder	123.75	530.3050537109375	9.5081787109375	347.348876953125	13	SCTSAD+TimesNewRomanPSMT
Handlungen oder Entscheidungen oder Kommunikationen. Die Selbstreproduktion	123.5	542.310546875	9.501068115234375	347.1982727050781	13	SCTSAD+TimesNewRomanPSMT
wird durch ein selektives Arrangement der Elemente selbst, also durch die Art ihrer Or­	123.05000305175781	554.5557250976562	9.50726318359375	348.96351623535156	13	SCTSAD+TimesNewRomanPSMT
ganisation, ermöglicht. Selbstreferentielle Systeme müssen in all ihren Operationen ih­	122.55000305175781	566.5580444335938	9.50421142578125	349.2635040283203	13	SCTSAD+TimesNewRomanPSMT
re eigene Reproduktion mitvollziehen. Sie sind insofern geschlossene Systeme, als sie	123.05000305175781	578.5585327148438	9.503585815429688	347.34751892089844	13	SCTSAD+TimesNewRomanPSMT
alles, was sie tun, mit sich selbst abstimmen müssen, und dies gilt auch und gerade	122.80000305175781	590.5587768554688	9.503311157226562	347.82582092285156	13	SCTSAD+TimesNewRomanPSMT
dann, wenn sie mit ihrer Umwelt interagieren.	122.80000305175781	602.56103515625	9.500350952148438	182.38829040527344	13	SCTSAD+TimesNewRomanPSMT
Angewandt auf das System der Gesellschaft, ermöglicht diese Theorie eine Anreiche­	122.05000305175781	615.0077514648438	9.504653930664062	349.2635040283203	13	SCTSAD+TimesNewRomanPSMT
rung des Begriffs der Systemdifferenzierung mit zusätzlichen Aussagemöglichkeiten.	122.05000305175781	627.0078735351562	9.504470825195312	347.60206604003906	13	SCTSAD+TimesNewRomanPSMT
1 Vgl. <ref>Niklas Luhmann, The Differentiation of Society, New York (Columbia UP, im Druck)</ref>.	125.9000015258789	660.179931640625	8.505081176757812	326.94054412841797	14	SCTSAD+TimesNewRomanPSMT
2 Siehe z. B. <ref>Humberto R. Maturana/Francisco J. Varela, Autopoiesis and Cognition. The Reali-	125.20000457763672	669.330322265625	8.5045166015625	343.5558853149414	14	SCTSAD+TimesNewRomanPSMT
zation of the l.iving, Dordrecht (Reidel) 1980.</ref>	132.39999389648438	678.1810302734375	8.503677368164062	162.02682495117188	14	SCTSAD+TimesNewRomanPSMT
160	126.4000015258789	135.76312255859375	9.4976806640625	13.450416564941406	15	SCTSAD+TimesNewRomanPSMT
Niklas Lubmann	271.3500061035156	136.55572509765625	8.50177001953125	57.164215087890625	16	OTTUIW+TimesNewRomanPS-ItalicMT
Differenzierung der Gesellschaft heißt dann: Dekomposition des Gesellschaftssystems	125.45000457763672	160.00775146484375	9.504638671875	348.0261001586914	17	SCTSAD+TimesNewRomanPSMT
in Subsysteme mit mehr oder weniger hoher selbstreferentieller Autonomie. Der Über­	125.6500015258789	172.20867919921875	9.50341796875	348.8040084838867	17	SCTSAD+TimesNewRomanPSMT
gang von stratifikatorischer zu funktionaler Differenzierung kann dann begriffen wer­	124.95000457763672	184.209716796875	9.5020751953125	349.71350860595703	17	SCTSAD+TimesNewRomanPSMT
den als Veränderung der Bedingungen für die Genese selbstreferentieller Subsysteme in	125.20000457763672	196.2056884765625	9.50732421875	347.78433990478516	17	SCTSAD+TimesNewRomanPSMT
der Gesellschaft. In stratifizierten Gesellschaften findet man selbstreferentielle Ordnun­	124.95000457763672	208.4580078125	9.5042724609375	349.71350860595703	17	SCTSAD+TimesNewRomanPSMT
gen fast nur auf der Ebene der obersten Schicht, die dann ihre Selbstauffassung in mo­	124.70000457763672	220.4556884765625	9.50726318359375	349.71350860595703	17	SCTSAD+TimesNewRomanPSMT
ralische Kategorien kleidet und sie als repräsentativ darstellt für die Gesellschaft im	124.95000457763672	232.4598388671875	9.501953125	347.82340240478516	17	SCTSAD+TimesNewRomanPSMT
ganzen. Sie ist die eigentliche Gesellschaft der maiores et saniores partes, sie ist die	124.45000457763672	244.45782470703125	9.5045166015625	348.5615921020508	17	SCTSAD+TimesNewRomanPSMT
„gute“ Gesellschaft. Diese Selbstdarstellung zerbricht am Übergang zu funktionaler	125.20000457763672	256.209228515625	9.502685546875	347.94068145751953	17	SCTSAD+TimesNewRomanPSMT
Differenzierung. Seit dem 18. Jahrhundert entwickeln sich in Europa Reflexionstheo­	125.20000457763672	268.2056884765625	9.50726318359375	349.0134963989258	17	SCTSAD+TimesNewRomanPSMT
rien für spezifische Funktionsbereiche (vor allem: Wissenschaft, Wirtschaft, Erziehung,	124.95000457763672	280.20867919921875	9.50341796875	347.92542266845703	17	SCTSAD+TimesNewRomanPSMT
Intimbereich, Politik, Recht), die sich von der Vorherrschaft des Schichtungsprinzips	125.20000457763672	292.20526123046875	9.50787353515625	347.86463165283203	17	SCTSAD+TimesNewRomanPSMT
emanzipieren und die Eigengesetzlichkeit dieser Funktionsbereiche zum Ausdruck	124.70000457763672	304.00872802734375	9.50335693359375	348.34500885009766	17	SCTSAD+TimesNewRomanPSMT
bringen, und diesen Theorien werden in weitem Umfang Institutionen und Methoden	124.70000457763672	315.758544921875	9.50360107421875	348.01331329345703	17	SCTSAD+TimesNewRomanPSMT
nachgebildet; sie werden als Moment des selbstreferentiellen Prozessierens in die Funk­	124.45000457763672	328.0075988769531	9.504852294921875	349.2634963989258	17	SCTSAD+TimesNewRomanPSMT
tionssysteme selbst eingebaut und dienen dann der Beschreibung der Realität, die sie	124.45000457763672	340.00787353515625	9.504486083984375	348.1011734008789	17	SCTSAD+TimesNewRomanPSMT
selbst mitproduziert haben.	124.25	352.0099182128906	9.5018310546875	108.76719665527344	17	SCTSAD+TimesNewRomanPSMT
Wir werden uns im folgenden nur mit zweien dieser Funktionssysteme befassen: mit	123.75	364.0088806152344	9.503204345703125	348.3710021972656	17	SCTSAD+TimesNewRomanPSMT
dem System für Recht und dem System für Politik. Der theoretische Rahmen für deren	123.75	375.7576599121094	9.5047607421875	348.3037414550781	17	SCTSAD+TimesNewRomanPSMT
Analyse ist jedoch breiter angelegt. Er zielt auf eine Charakterisierung der modernen	124.25	387.75787353515625	9.504486083984375	347.84844970703125	17	SCTSAD+TimesNewRomanPSMT
Gesellschaft und benutzt Analysen einzelner Funktionssysteme immer auch, um eine	124.0	400.0078125	9.50457763671875	348.76812744140625	17	SCTSAD+TimesNewRomanPSMT
gesellschaftstheoretische Konzeption zu verifizieren. Die Darstellung von Recht und	123.75	412.00872802734375	9.503387451171875	348.6966247558594	17	SCTSAD+TimesNewRomanPSMT
Politik wird daraus abgeleitet.	124.25	423.75823974609375	9.5040283203125	118.20664978027344	17	SCTSAD+TimesNewRomanPSMT
II.	123.5	460.0392150878906	9.497589111328125	7.7436370849609375	18	OTTUIW+TimesNewRomanPS-ItalicMT
Innerhalb des Rechtssystems kann man seit dem Anfang des 18. Jahrhunderts eine zu­	123.75	484.0091247558594	9.50286865234375	349.4635009765625	19	SCTSAD+TimesNewRomanPSMT
nehmende Beachtung von Problemen einer selbstreferentiellen Autonomie beobach­	123.75	496.0077209472656	9.50469970703125	349.4635009765625	19	SCTSAD+TimesNewRomanPSMT
ten3. Allerdings vermeidet man bis zuletzt die Anerkennung des Prinzips. Denn Selbst­	123.5	508.17962646484375	9.54107666015625	349.5135192871094	19	SCTSAD+TimesNewRomanPSMT
referenz im Recht würde heißen: Das Recht ist, was das Recht sagt, daß es ist. Wie	123.5	520.2076416015625	9.5047607421875	348.3101806640625	19	SCTSAD+TimesNewRomanPSMT
könnte das Rechtssystem eine so einfache, tautologische, unsinnige Formel als Prinzip	123.05000305175781	532.20947265625	9.502410888671875	347.88221740722656	19	SCTSAD+TimesNewRomanPSMT
der Selbstdarstellung akzeptieren, selbst wenn die strukturelle Entwicklung des Gesell­	122.55000305175781	544.2078857421875	9.504486083984375	349.71351623535156	19	SCTSAD+TimesNewRomanPSMT
schaftssystems die Anerkennung der Autonomie des Rechts nahelegte?	122.55000305175781	556.2086181640625	9.503509521484375	282.65623474121094	19	SCTSAD+TimesNewRomanPSMT
Die Entwicklung der Rechtsdogmatik hat denn auch deutlich versucht, dies Prinzip der	122.80000305175781	568.2078857421875	9.504486083984375	348.28318786621094	19	SCTSAD+TimesNewRomanPSMT
Selbstreferenz abzuwehren. Da jedoch alle Abwehrversuche ihrerseits der Kritik ausge­	122.30000305175781	580.4556884765625	9.507308959960938	349.71351623535156	19	SCTSAD+TimesNewRomanPSMT
setzt waren, wurde so der gegenteilige Effekt produziert: Man hat sich schrittweise al­	122.30000305175781	592.2084350585938	9.503738403320312	349.5135040283203	19	SCTSAD+TimesNewRomanPSMT
ler Absicht zuwider dem Prinzip genähert.	122.55000305175781	604.4576416015625	9.504791259765625	167.1916961669922	19	SCTSAD+TimesNewRomanPSMT
Ich referiere kurz die wichtigsten Schritte dieser Entwicklung der Rechtsdogmatik und	122.30000305175781	616.2075805664062	9.504806518554688	348.2466278076172	19	SCTSAD+TimesNewRomanPSMT
beziehe mich dabei ausschließlich auf deutsche Literatur, an der der behauptete Sach­	121.5999984741211	628.2080078125	9.5042724609375	350.21350860595703	19	SCTSAD+TimesNewRomanPSMT
3 Eine gute Darstellung, die aber erst mit dem 19. Jahrhundert ansetzt, ist <ref>Raffaele de Giorgi,	127.0999984741211	661.1793212890625	8.505874633789062	343.7197036743164	20	SCTSAD+TimesNewRomanPSMT
Scienza del diritto e legittimazione: Critica dell'epistemologia giuridica tedesca da Kelsen a Luh-	134.04998779296875	670.2794799804688	8.505691528320312	337.0619201660156	20	SCTSAD+TimesNewRomanPSMT
mann, Bari (de Donato) 1979</ref>.	134.04998779296875	679.1814575195312	8.503036499023438	105.08229064941406	20	SCTSAD+TimesNewRomanPSMT
Machtkreislauf und Recht in Demokratien	224.54998779296875	136.553466796875	8.50469970703125	148.20864868164062	21	OTTUIW+TimesNewRomanPS-ItalicMT
161	459.5	135.75732421875	9.50518798828125	12.503631591796875	22	SCTSAD+TimesNewRomanPSMT
verhalt einer kontraintuitiven Förderung der Anerkennung voller Kontingenz des	123.75	160.00567626953125	9.50732421875	348.0591125488281	23	SCTSAD+TimesNewRomanPSMT
Rechts gut abzulesen ist:	124.70000457763672	172.0059814453125	9.50689697265625	97.26276397705078	23	SCTSAD+TimesNewRomanPSMT
1. Am Beginn des 18. Jahrhunderts kommt es zunächst zu einer Auflösung des klassi­	124.95000457763672	184.00433349609375	9.509033203125	348.06351470947266	23	SCTSAD+TimesNewRomanPSMT
schen Naturrechts durch eine Trennung von moralischen (innerlich bindenden) und	136.0	196.0086669921875	9.50341796875	335.49664306640625	23	SCTSAD+TimesNewRomanPSMT
rechtlichen (äußerlich bindenden) Normen. Diese Unterscheidung, die auf Christian	136.0	207.759521484375	9.5023193359375	335.5791931152344	23	SCTSAD+TimesNewRomanPSMT
Thomasius zurückgeht, ermöglicht es seinen Nachfolgern, das Naturrecht als Zwangs­	135.75	219.5091552734375	9.5028076171875	337.7135009765625	23	SCTSAD+TimesNewRomanPSMT
recht neu zu definieren und in die Legitimation des Rechts die Legitimation des	135.75	231.7581787109375	9.50408935546875	336.3153381347656	23	SCTSAD+TimesNewRomanPSMT
Zwangs miteinzubauen, obwohl das die moralische Motivation ausschließen mußte4.	136.0	243.55712890625	9.50543212890625	335.5100402832031	23	SCTSAD+TimesNewRomanPSMT
2. Nachdem die Philosophie Kants in den 90er Jahren des 18. Jahrhunderts die deut­	123.75	256.00909423828125	9.50286865234375	349.2635192871094	23	SCTSAD+TimesNewRomanPSMT
schen Universitäten erobert hatte, begann in rechtstheoretisch interessierten Kreisen	135.5	268.00750732421875	9.50494384765625	336.02215576171875	23	SCTSAD+TimesNewRomanPSMT
eine Gegenbewegung, die auf die Unergiebigkeit dieser philosophischen Fundierung	135.5	280.00726318359375	9.5052490234375	336.5058288574219	23	SCTSAD+TimesNewRomanPSMT
für praktische Rechtsfragen hinwies, die den Wert der Deduktion des Rechts aus	135.25	292.455078125	9.50811767578125	336.0591125488281	23	SCTSAD+TimesNewRomanPSMT
dem Sittengesetz bestritt und statt dessen eine „Philosophie des positiven Rechts“	135.04998779296875	304.00775146484375	9.504638671875	335.7691345214844	23	SCTSAD+TimesNewRomanPSMT
(heute würde man sagen: Rechtstheorie) forderte. Gustav Hugo, Paul Johann An­	135.04998779296875	316.00799560546875	9.5042724609375	337.2135314941406	23	SCTSAD+TimesNewRomanPSMT
selm Feuerbach und Anton Friedrich Justus Thibaut sind die prominenten Namen	135.04998779296875	328.2056579589844	9.50732421875	335.5948181152344	23	SCTSAD+TimesNewRomanPSMT
dieser Bewegung.	134.79998779296875	340.20849609375	9.503662109375	67.66751098632812	23	SCTSAD+TimesNewRomanPSMT
3. In unmittelbarem Zusammenhang damit begannen, angeregt vor allem durch Fried­	123.5	352.2077331542969	9.504638671875	348.3135070800781	23	SCTSAD+TimesNewRomanPSMT
rich Carl von Savigny, Versuche, das positive Recht als historisch gegebenes Faktum	134.79998779296875	364.007080078125	9.53143310546875	335.8817443847656	23	SCTSAD+TimesNewRomanPSMT
in seiner begrifflichen Struktur zu analysieren. Die Rolle der Gesetzgebung wurde	135.04998779296875	376.2109680175781	9.532196044921875	335.5535888671875	23	SCTSAD+TimesNewRomanPSMT
dabei bewußt abgewertet — teils weil sie die Kontingenz des Rechts zu deutlich be­	134.54998779296875	388.2061462402344	9.5067138671875	337.4635314941406	23	SCTSAD+TimesNewRomanPSMT
wußt gemacht hätte; teils weil sie in Deutschland auf zahlreiche Territorialstaaten	134.54998779296875	400.2070617675781	9.505523681640625	336.2829895019531	23	SCTSAD+TimesNewRomanPSMT
aufgeteilt war.	134.54998779296875	412.21392822265625	9.49664306640625	56.7098388671875	23	SCTSAD+TimesNewRomanPSMT
4. Im Gegenzug dazu hat sich dann in der zweiten Hälfte des 1 9. Jahrhunderts der juri­	122.80000305175781	424.2057189941406	9.50726318359375	349.06349182128906	23	SCTSAD+TimesNewRomanPSMT
stische Positivismus entwickelt, der alles Recht auf die Entscheidungen des Gesetz­	134.54998779296875	436.4578552246094	9.504486083984375	337.2635192871094	23	SCTSAD+TimesNewRomanPSMT
gebers zurückführt und keine weiteren Grundlagen anerkennt. Da Entscheidungen	133.84999084472656	448.4595947265625	9.50225830078125	336.5312042236328	23	SCTSAD+TimesNewRomanPSMT
immer Wahlakte sind, war damit die volle Kontingenz des Rechts anerkannt. Man	134.29998779296875	460.7070007324219	9.505584716796875	336.0636291503906	23	SCTSAD+TimesNewRomanPSMT
mußte konzedieren, daß das gesamte Recht durch Entscheidungen geändert werden	134.29998779296875	472.45806884765625	9.50421142578125	335.8116455078125	23	SCTSAD+TimesNewRomanPSMT
konnte unter Einschluß des Rechts, das das Verfahren der Gesetzgebung bestimmt.	134.29998779296875	484.7083435058594	9.50384521484375	336.1826477050781	23	SCTSAD+TimesNewRomanPSMT
Damit stand man aber vor der Frage, ob und wie nun die Schranken des rechtlich	134.54998779296875	496.4571228027344	9.50543212890625	336.1033935546875	23	SCTSAD+TimesNewRomanPSMT
Möglichen zu begreifen seien.	134.04998779296875	508.712890625	9.4979248046875	116.78848266601562	23	SCTSAD+TimesNewRomanPSMT
5. Diese Frage wiederum führte zu einer wachsenden Anerkennung des Interessenprin­	122.55000305175781	520.7080078125	9.504302978515625	349.2635040283203	23	SCTSAD+TimesNewRomanPSMT
zips. Das Recht betrifft Interessen, schützt bzw. benachteiligt Interessen und kann	134.04998779296875	532.958740234375	9.50335693359375	336.0147399902344	23	SCTSAD+TimesNewRomanPSMT
in seinen Auswirkungen auf bestimmte Interessenlagen beurteilt werden. Werte sind	134.29998779296875	544.7064208984375	9.506378173828125	335.5329895019531	23	SCTSAD+TimesNewRomanPSMT
nun nicht mehr aus sich selbst heraus — qua Natur oder a priori — geltende Urteils­	133.84999084472656	556.9581909179688	9.50408935546875	337.46351623535156	23	SCTSAD+TimesNewRomanPSMT
prinzipien; sie gelten nur noch insofern, als sie einen Vergleich von Interessen und	133.84999084472656	568.7052612304688	9.50787353515625	335.9972381591797	23	SCTSAD+TimesNewRomanPSMT
eine Beurteilung von Folgen unterschiedlicher Rechtsreguiierungen ermöglichen.	133.09999084472656	580.70751953125	9.50494384765625	336.13279724121094	23	SCTSAD+TimesNewRomanPSMT
Auf diese Position ist das gegenwärtig vorherrschende Rechtsgefühl in der deutschen	133.34999084472656	592.707763671875	9.504653930664062	336.00221252441406	23	SCTSAD+TimesNewRomanPSMT
Jurisprudenz eingespielt. Es begibt sich damit in eine bemerkenswerte Nähe zu einer	132.64999389648438	604.9576416015625	9.504791259765625	337.2901611328125	23	SCTSAD+TimesNewRomanPSMT
4 So namentlich Nicolaus <ref>Hieronymus Gundling, lus naturae et gentium, Halle 1714. Zur weite­	125.20000457763672	660.4306030273438	8.504135131835938	345.7804946899414	24	SCTSAD+TimesNewRomanPSMT
ren Entwicklung auch Johann Gottlieb Buhle, Lehrbuch des Naturrechts, Göttingen 1798,	132.84999084472656	669.5814819335938	8.503036499023438	336.68226623535156	24	SCTSAD+TimesNewRomanPSMT
S. 43 ff.</ref>	132.64999389648438	678.1832275390625	8.500701904296875	27.674591064453125	24	SCTSAD+TimesNewRomanPSMT
162	125.9000015258789	137.6640625	9.4964599609375	13.195869445800781	25	SCTSAD+TimesNewRomanPSMT
Niklas l.ub/nann	270.8500061035156	138.956298828125	8.50103759765625	57.293731689453125	26	OTTUIW+TimesNewRomanPS-ItalicMT
soziologischen Rechtsauffassung — freilich auf sehr unsicheren theoretischen Grund­	136.9499969482422	162.85845947265625	9.503662109375	337.46351623535156	27	SCTSAD+TimesNewRomanPSMT
lagen567.	137.1999969482422	174.60595703125	9.50689697265625	28.25	27	SCTSAD+TimesNewRomanPSMT
Dieser Überblick läßt eine Tendenz erscheinen, die der Rechtsdogmatik selbst nie be­	125.45000457763672	186.85845947265625	9.503662109375	349.21350860595703	27	SCTSAD+TimesNewRomanPSMT
wußt geworden ist. Die Rechtsdogmatik hat die zunehmende Kontingenz und Änder­	124.95000457763672	199.10821533203125	9.50396728515625	349.46350860595703	27	SCTSAD+TimesNewRomanPSMT
barkeit des Rechts, die gesellschaftlich gefordert war, mitproduziert, indem sie sich da­	124.95000457763672	211.10565185546875	9.50726318359375	349.46350860595703	27	SCTSAD+TimesNewRomanPSMT
gegen gewehrt hat. Sie hat das System in Richtung auf selbstreferentielle Fundierung	124.25	223.10784912109375	9.50445556640625	348.8255920410156	27	SCTSAD+TimesNewRomanPSMT
gesteuert mit dem Versuch, die Gefahr der Zirkelschlüsse und der Tautologien zu	124.25	235.107177734375	9.50531005859375	348.4707946777344	27	SCTSAD+TimesNewRomanPSMT
meiden. Sie hat dabei wichtige Gesichtspunkte wie Abhängigkeit von Erzwingung,	124.95000457763672	246.85565185546875	9.50732421875	347.58679962158203	27	SCTSAD+TimesNewRomanPSMT
immanent-rechtstheoretische Fundierung, Geschichtsabhängigkeit, Entscheidungsmög­	124.70000457763672	258.6109619140625	9.50042724609375	349.2634963989258	27	SCTSAD+TimesNewRomanPSMT
lichkeiten, Interessenbezug und Folgenkontrolle gesammelt, die alle im Rechtssystem	124.70000457763672	270.607666015625	9.50469970703125	347.9947280883789	27	SCTSAD+TimesNewRomanPSMT
Beachtung verdienen, ohne jedoch gegen die Selbstfundierung des Rechts zu sprechen.	124.95000457763672	282.40924072265625	9.50274658203125	347.43360137939453	27	SCTSAD+TimesNewRomanPSMT
Man kann, wenn man diese Entwicklung als ganzes betrachtet, einen evolutionären	124.25	294.605224609375	9.50787353515625	348.1241455078125	27	SCTSAD+TimesNewRomanPSMT
Prozeß erkennen, der sein Resultat nicht als Ziel vorwegweiß, der sich vielmehr mit	124.45000457763672	306.40814208984375	9.504150390625	348.11914825439453	27	SCTSAD+TimesNewRomanPSMT
seinen eigenen Absichten täuscht und im ganzen dazu dient, das Rechtssystem den	124.0	318.15771484375	9.50469970703125	348.01300048828125	27	SCTSAD+TimesNewRomanPSMT
Anforderungen einer komplexer werdenden sozialen Umwelt anzupassen. Die Evolu­	124.0	330.15850830078125	9.503662109375	349.7135009765625	27	SCTSAD+TimesNewRomanPSMT
tion des Rechtssystems ist, so gesehen, ein Moment der gesamtgesellschaftlichen	123.75	342.158447265625	9.503753662109375	348.04876708984375	27	SCTSAD+TimesNewRomanPSMT
Evolution.	124.25	353.65948486328125	9.502410888671875	40.50959777832031	27	SCTSAD+TimesNewRomanPSMT
Das Ergebnis dieser Entwicklung läßt sich mit ihren eigenen (Mitteln nicht zureichend	124.0	366.1571350097656	9.50543212890625	347.5259704589844	27	SCTSAD+TimesNewRomanPSMT
erfassen, aber es entspricht genau den Vorstellungen einer Theorie selbstreferentieller	123.5	378.157470703125	9.5050048828125	348.5627746582031	27	SCTSAD+TimesNewRomanPSMT
Systeme. Die Qualifikation als „rechtlich“ kann einer Entscheidung nur durch Bezug­	123.5	390.4072570800781	9.505279541015625	349.7135009765625	27	SCTSAD+TimesNewRomanPSMT
nahme auf andere als rechtlich qualifizierte Entscheidungen verliehen werden - also	123.75	402.408203125	9.504058837890625	347.8538818359375	27	SCTSAD+TimesNewRomanPSMT
nicht durch Bezugnahme auf den schlichten politischen Willen, nicht durch Inaussicht­	123.5	414.40399169921875	9.509521484375	349.2635192871094	27	SCTSAD+TimesNewRomanPSMT
stellen wirtschaftlichen Nutzens und auch nicht durch Anknüpfung an eine nur er­	123.25	426.40875244140625	9.50335693359375	349.7635192871094	27	SCTSAD+TimesNewRomanPSMT
kenntnistheoretische Hypothese im Sinne Kelsens’’. Dies gilt gleichermaßen für Geset­	123.25	438.4048156738281	9.508453369140625	349.5135192871094	27	SCTSAD+TimesNewRomanPSMT
ze, die Rechtsqualität in Anspruch nehmen, wie für Ausführungsentscheidungen. Die	123.25	450.1576843261719	9.504730224609375	348.05908203125	27	SCTSAD+TimesNewRomanPSMT
Gesetze gründen sich auf ihre Ausführung, die Ausführung gründet sich auf die Gesetze,	122.80000305175781	462.4057312011719	9.50726318359375	348.21595764160156	27	SCTSAD+TimesNewRomanPSMT
sofern eine jeweils ausreichende Menge von Rechtselementen hinzuassoziiert werden	122.80000305175781	474.4052429199219	9.50787353515625	348.31947326660156	27	SCTSAD+TimesNewRomanPSMT
kann.	123.05000305175781	486.6124267578125	9.49859619140625	20.88580322265625	27	SCTSAD+TimesNewRomanPSMT
Die Entscheidungen im Rechtssystem sind kontingent, sic werden durch das System	123.25	498.6087951660156	9.503326416015625	347.9653625488281	27	SCTSAD+TimesNewRomanPSMT
selbst produziert und könnten unter anderen Bedingungen auch anders ausfallen. (Es	122.55000305175781	510.6082763671875	9.5040283203125	348.60862731933594	27	SCTSAD+TimesNewRomanPSMT
würde sich sonst nicht um Entscheidungen handeln). Daraus folgt aber nicht, daß das	122.55000305175781	522.4080810546875	9.504302978515625	348.7641143798828	27	SCTSAD+TimesNewRomanPSMT
Rechtssystem, das die Entscheidungen produziert und reproduziert, seinerseits kontin­	123.05000305175781	534.410400390625	9.501220703125	349.71351623535156	27	SCTSAD+TimesNewRomanPSMT
gent ist. Es ist vielmehr, wenn man die Gesellschaft auf einem bestimmten Entwick­	121.8499984741211	546.4082641601562	9.50396728515625	350.6635208129883	27	SCTSAD+TimesNewRomanPSMT
lungsstände voraussetzt, zur Erfüllung einer näher beschreibbaren Funktion notwen­	122.55000305175781	558.408935546875	9.50311279296875	349.96351623535156	27	SCTSAD+TimesNewRomanPSMT
dig1. Obwohl das Rechtssystem nur aus Entscheidungen besteht und alle Entscheidun­	122.05000305175781	570.1578369140625	9.52978515625	350.21351623535156	27	SCTSAD+TimesNewRomanPSMT
gen im Rechtssystem durch andere Entscheidungen ersetzbar sind, ist die Ordnung des	121.5999984741211	582.4050903320312	9.508132934570312	349.2653274536133	27	SCTSAD+TimesNewRomanPSMT
Reproduktionszusammenhanges selbst eine notwendige. Das Rechtssystem hat, anders	122.55000305175781	594.4076538085938	9.504776000976562	348.35011291503906	27	SCTSAD+TimesNewRomanPSMT
5 Zur aktuellen Diskussion über Interessen- und Folgenorientierung im Recht vgl. etwa<ref> Niklas	126.6500015258789	618.9277954101562	8.507797241210938	344.65560150146484	28	SCTSAD+TimesNewRomanPSMT
Luhmann, Rechtssystem und Rechtsdogmatik, Stuttgart 1974, S. 31 ff.</ref>; <ref>Gunther Teubner, Fol­	134.54998779296875	627.7796630859375	8.505447387695312	337.8805236816406	28	SCTSAD+TimesNewRomanPSMT
genkontrolle und responsive Dogmatik, Rechtstheorie ö (1975), S. 179 </ref>204;<ref> Thomas W. Wälde,	133.34999084472656	636.9293823242188	8.505752563476562	337.70518493652344	28	SCTSAD+TimesNewRomanPSMT
Juristische Folgenorientierung, Königstein 1979</ref>.	133.59999084472656	646.0311279296875	8.503509521484375	170.4268341064453	28	SCTSAD+TimesNewRomanPSMT
6 Zur Auseinandersetzung mit Kelsen speziell unter diesem Gesichtspunkt vgl. <ref>Torstein Eckhoff/	125.9000015258789	654.6804809570312	8.504348754882812	345.35420989990234	28	SCTSAD+TimesNewRomanPSMT
Nils Kristian Sundby, The Notion of Basic i.orm(s) in Jurisprudence, Scandinavian Studies in	133.84999084472656	663.579345703125	8.505783081054688	336.71144104003906	28	SCTSAD+TimesNewRomanPSMT
l.aw 1975, S. 123</ref> 151.	133.84999084472656	672.9317626953125	8.502716064453125	83.02346801757812	28	SCTSAD+TimesNewRomanPSMT
7 Hierzu <ref>Niklas Luhmann, Rechtssoziologie, Reinbek 1972</ref>, S. 27 ff.	125.9000015258789	681.5774536132812	8.50823974609375	241.28194427490234	28	SCTSAD+TimesNewRomanPSMT
MachtkreislauJ und Recht in Demokratien	226.0	136.3046875	8.50311279296875	147.9586181640625	29	OTTUIW+TimesNewRomanPS-ItalicMT
163	460.9499816894531	135.76190185546875	9.49920654296875	12.701507568359375	30	SCTSAD+TimesNewRomanPSMT
formuliert, seine eigene Notwendigkeit darin, daß es notwendigerweise aus kontingen­	124.95000457763672	160.00726318359375	9.5052490234375	349.2634963989258	31	SCTSAD+TimesNewRomanPSMT
ten Entscheidungen besteht8.	124.70000457763672	171.72772216796875	9.54345703125	117.35680389404297	31	SCTSAD+TimesNewRomanPSMT
III.	125.20000457763672	207.29254150390625	9.49322509765625	11.107551574707031	32	OTTUIW+TimesNewRomanPS-ItalicMT
Gedanklich und institutionell wird eine Gesellschaft sich auf das Risiko der Ausdiffe­	125.20000457763672	231.75823974609375	9.50396728515625	349.21350860595703	33	SCTSAD+TimesNewRomanPSMT
renzierung und selbstreferentiellen Ordnung eines Rechtssystems nur einlassen, wenn	125.20000457763672	244.00799560546875	9.5042724609375	347.5115432739258	33	SCTSAD+TimesNewRomanPSMT
auch andere Teilsysteme der Gesellschaft darauf eingestellt sind und Mindestbedingun­	125.20000457763672	255.75823974609375	9.50396728515625	349.21350860595703	33	SCTSAD+TimesNewRomanPSMT
gen der Kompatibilität erfüllt sind. Unter theoretischen Gesichtspunkten würde man	124.70000457763672	267.75567626953125	9.50726318359375	347.8011245727539	33	SCTSAD+TimesNewRomanPSMT
erwarten, daß die Selbstreferenz im Rechtssystem eine korrespondierende Selbstrefe­	124.95000457763672	279.5076904296875	9.50469970703125	349.46350860595703	33	SCTSAD+TimesNewRomanPSMT
renz im politischen System erfordert und bekräftigt. Jedenfalls liegen die europäischen	124.95000457763672	291.75799560546875	9.5042724609375	347.56079864501953	33	SCTSAD+TimesNewRomanPSMT
Erfahrungen mit der neuzeitlichen Entwicklung von Recht und Politik — trotz aller Be­	125.20000457763672	303.50836181640625	9.50384521484375	349.0134963989258	33	SCTSAD+TimesNewRomanPSMT
tonung des „Rechtsstaates“ im Sinne einer rechtsförmigen Verfaßtheit des politischen	124.70000457763672	315.5087890625	9.5032958984375	347.78214263916016	33	SCTSAD+TimesNewRomanPSMT
Systems — auf dieser Linie. Aber was besagt Selbstreferenz im politischen System?	124.70000457763672	327.5072937011719	9.5052490234375	329.39417266845703	33	SCTSAD+TimesNewRomanPSMT
Zunächst ist ganz einfach das Prinzip der Demokratie eine Formel für Selbstreferenz.	124.70000457763672	339.5087890625	9.5032958984375	347.40015411376953	33	SCTSAD+TimesNewRomanPSMT
Das Volk regiert das Volk, das Volk herrscht über sich selbst. Aber diese Formel bleibt	124.70000457763672	351.7581787109375	9.50408935546875	347.69242095947266	33	SCTSAD+TimesNewRomanPSMT
erläuterungsbedürftig. Sie setzt sich in einen Widerspruch zum Begriff, den sie der Tra­	124.45000457763672	363.7581481933594	9.504150390625	349.0134963989258	33	SCTSAD+TimesNewRomanPSMT
dition entnimmt und zur Bezeichnung der „Referenz“ in der Selbstreferenz benutzt:	124.25	375.75823974609375	9.5040283203125	347.1807861328125	33	SCTSAD+TimesNewRomanPSMT
zum Begriff der Herrschaft. Und sie hat die Form einer Tautologie oder eines logischen	124.25000762939453	388.00439453125	9.509002685546875	347.54183197021484	33	SCTSAD+TimesNewRomanPSMT
Kurzschlusses, der als sinnleere Perfektion zu der Frage führt, wie denn die Herrschaft	124.70000457763672	400.0087585449219	9.50335693359375	347.3846206665039	33	SCTSAD+TimesNewRomanPSMT
des Volkes über sich selbst institutionalisiert werden könne. Man weicht dann auf	124.0	411.7581787109375	9.50408935546875	348.4826354980469	33	SCTSAD+TimesNewRomanPSMT
zweitbeste oder drittbeste Lösungen aus: auf Repräsentativverfassungen oder gar auf	124.0	423.5078125	9.50457763671875	348.4826354980469	33	SCTSAD+TimesNewRomanPSMT
bloße Absichtserklärungen einer herrschenden Elite.	123.75	435.7589416503906	9.50311279296875	207.66485595703125	33	SCTSAD+TimesNewRomanPSMT
Untersucht man genauer das, was an politischen Realitäten seit der französischen Re­	124.25	447.75897216796875	9.503082275390625	349.2135009765625	33	SCTSAD+TimesNewRomanPSMT
volution geschaffen worden ist, dann stößt man auf eine radikale Veränderung, die als	123.25	459.75665283203125	9.506072998046875	348.6011657714844	33	SCTSAD+TimesNewRomanPSMT
bloßer Wechsel der Herrschaftsform (von Monarchie zu Demokratie) nicht zureichend	123.5	471.25787353515625	9.504486083984375	348.12847900390625	33	SCTSAD+TimesNewRomanPSMT
begriffen ist. Es handelt sich um eine Veränderung des Typus der internen Differenzie­	123.25	483.5076599121094	9.5047607421875	349.9635009765625	33	SCTSAD+TimesNewRomanPSMT
rung des politischen Systems, und zwar um den Übergang von einer zweifachen zu ei­	123.5	495.508056640625	9.5042724609375	349.5135192871094	33	SCTSAD+TimesNewRomanPSMT
ner dreifachen Differenzierung9.	123.5	507.7577819824219	9.504608154296875	129.1610565185547	33	SCTSAD+TimesNewRomanPSMT
Alle älteren Gesellschaften hatten sich im Ausbau ihrer politischen Institutionen pa­	123.25	519.5048828125	9.508453369140625	349.5135192871094	33	SCTSAD+TimesNewRomanPSMT
rallel zur Schichtungsordnung der Gesellschaft der Form einer Hierarchie bedient10.	123.25	531.2785034179688	9.54248046875	347.8110656738281	33	SCTSAD+TimesNewRomanPSMT
Eine solche Ordnung kommt mit zwei Positionstypen aus: oben und unten. Sie kann in	123.5	543.507568359375	9.504913330078125	347.5843505859375	33	SCTSAD+TimesNewRomanPSMT
sich selbst kopiert werden und auf diese Weise Zwischenstufen bilden; aber es gibt kei­	122.55000305175781	555.5081176757812	9.50421142578125	350.21351623535156	33	SCTSAD+TimesNewRomanPSMT
8 Ich verkenne nicht, daß hier eine Argumentationsfigur gebraucht wird, die im Mittelalter der	126.1500015258789	614.5802001953125	8.504684448242188	344.71398162841797	34	SCTSAD+TimesNewRomanPSMT
Theologie vorbehalten war: die Notwendigkeit der Nichtnotwendigkeit (Kontingenz). Vgl. <ref>Duns	133.34999084472656	623.7280883789062	8.507461547851562	337.4997100830078	34	SCTSAD+TimesNewRomanPSMT
Scotus, Ordinatio I. dist. 39 q. 1—5, zit. nach Opera Omnia Bd. VI. Civitas Vaticana 1963,	133.3499755859375	632.5794067382812	8.505752563476562	337.2238464355469	34	SCTSAD+TimesNewRomanPSMT
S. 401 ff.</ref>	133.09999084472656	640.9774780273438	8.50823974609375	32.23194885253906	34	SCTSAD+TimesNewRomanPSMT
9 Vgl. hierzu und zum Folgenden auch; <ref>Niklas Luhmann, Politische Theorie im Wohlfahrtsstaat,	125.6500015258789	650.830810546875	8.503921508789062	344.86376190185547	34	SCTSAD+TimesNewRomanPSMT
München 1981</ref>.	132.84999084472656	659.4808349609375	8.503875732421875	53.58317565917969	34	SCTSAD+TimesNewRomanPSMT
10 Mit tiefreichenden regionalen Unterschieden natürlich. Vgl. hierzu<ref> Louis Dumont, Homo Hier-	121.3499984741211	668.7294311523438	8.505691528320312	348.56339263916016	34	SCTSAD+TimesNewRomanPSMT
archicus: The Caste System and its Implications, engl. Übers. London 1970</ref>.	132.14999389648438	678.1807861328125	8.503936767578125	266.4349365234375	34	SCTSAD+TimesNewRomanPSMT
164	126.8499984741211	136.70941162109375	9.50250244140625	13.244987487792969	35	SCTSAD+TimesNewRomanPSMT
Niklas Lubmann	271.3500061035156	138.0078125	8.49908447265625	57.07373046875	36	OTTUIW+TimesNewRomanPS-ItalicMT
ne Positionen und keine Teilsysteme, die nicht relativ zu anderen entweder oben oder	125.9000015258789	161.657470703125	9.5050048828125	347.59886932373047	37	SCTSAD+TimesNewRomanPSMT
unten sieh befinden. Es gibt keine dritte, in dieser Hinsicht unbestimmbare Qualität111 .	125.6500015258789	173.409423828125	9.50250244140625	347.06005096435547	37	SCTSAD+TimesNewRomanPSMT
Eine solche Ordnung hat eine notwendig-asymmetrische Struktur, die jedoch in zwei	125.9000015258789	185.6568603515625	9.50579833984375	347.1368637084961	37	SCTSAD+TimesNewRomanPSMT
Richtungen gesehen werden kann: von oben nach unten und von unten nach oben. Sie	126.1500015258789	197.6552734375	9.50787353515625	346.88668060302734	37	SCTSAD+TimesNewRomanPSMT
endet in absoluten Positionen ganz oben und ganz unten, die jedoch semantisch trans­	125.45000457763672	209.658203125	9.50408935546875	348.96350860595703	37	SCTSAD+TimesNewRomanPSMT
zendiert, also weitergedacht werden können in ein Reich der Engel und Gottes auf der	125.45000457763672	221.65570068359375	9.50732421875	347.7831802368164	37	SCTSAD+TimesNewRomanPSMT
einen, in das Reich der Tiere auf der anderen Seite.	125.20000457763672	233.90618896484375	9.50665283203125	203.4288101196289	37	SCTSAD+TimesNewRomanPSMT
Ein solches Ordnungsmodell hat mit dem Zurücktreten des Schichtungsaufbaus der Ge­	125.6500015258789	245.90777587890625	9.504638671875	348.76351165771484	37	SCTSAD+TimesNewRomanPSMT
sellschaft seine Plausibilität verloren; und es ist im Zuge der „Demokratisierung" des	124.95000457763672	257.90985107421875	9.501953125	348.06531524658203	37	SCTSAD+TimesNewRomanPSMT
politischen Systems durch eine dreifache Differenzierung ersetzt worden, die den Über­	125.45000457763672	270.15728759765625	9.5052490234375	348.7634963989258	37	SCTSAD+TimesNewRomanPSMT
gang zu kreisförmigen Machtkonsteilationen ermöglicht. Neben dem Teilsystem, das	124.70000457763672	282.1563720703125	9.50640869140625	348.31531524658203	37	SCTSAD+TimesNewRomanPSMT
sich mit der Herstellung bindender Entscheidungen befaßt (Parlamente, Regierungen,	124.95000457763672	294.15802001953125	9.5042724609375	347.69007110595703	37	SCTSAD+TimesNewRomanPSMT
Verwaltungsbürokratien) und das ich hier einfach Verwaltung (im weitesten Sinne)	125.20000457763672	306.15911865234375	9.529296875	347.35449981689453	37	SCTSAD+TimesNewRomanPSMT
nennen möchte, finden wir ein Teilsystem für Politik (im engeren Sinne), nämlich für	124.95000457763672	318.15826416015625	9.52899169921875	347.77335357666016	37	SCTSAD+TimesNewRomanPSMT
die Vorbereitung von Themen und die Auswahl von Personen, für das Testen von Kon­	124.25	330.1552429199219	9.50787353515625	349.4635009765625	37	SCTSAD+TimesNewRomanPSMT
senschancen und für den Aufbau von Macht. Dieses Teilsystem dankt seine Existenz	124.25	342.1587219238281	9.503387451171875	347.7984313964844	37	SCTSAD+TimesNewRomanPSMT
vor allem der Organisation politischer Parteien, die so weit verselbständigt sind, daß sie	124.0	354.1578674316406	9.504486083984375	348.1011657714844	37	SCTSAD+TimesNewRomanPSMT
auch dann existieren können, wenn sie nicht die Regierungspositionen besetzen.	124.25	366.1587219238281	9.503387451171875	347.2969665527344	37	SCTSAD+TimesNewRomanPSMT
Schließlich und darüber hinaus ist jedermann mit bestimmten Rollen in das politische	124.25	378.1582336425781	9.5040283203125	347.5511779785156	37	SCTSAD+TimesNewRomanPSMT
System eingebaut, sofern er bindende Entscheidungen zu akzeptieren hat, sofern er im	124.25	390.1587829589844	9.5032958984375	347.3233947753906	37	SCTSAD+TimesNewRomanPSMT
politischen System kommunizieren kann und vor allem: sofern seine Stimme in der po­	124.25	402.4077453613281	9.504638671875	348.9635009765625	37	SCTSAD+TimesNewRomanPSMT
litischen Wahl zählt. Wir nennen diesen Bereich Publikum.	124.25	414.4090270996094	9.52880859375	230.4908447265625	37	SCTSAD+TimesNewRomanPSMT
Je stärker und je deutlicher diese drei Eormen der Mitwirkung im politischen System —	123.5	426.15802001953125	9.504302978515625	347.7486877441406	37	SCTSAD+TimesNewRomanPSMT
Publikum, Politik und Verwaltung — auseinandergezogen und gegeneinander verselb­	124.0	438.1584777832031	9.503692626953125	349.2135009765625	37	SCTSAD+TimesNewRomanPSMT
ständigt werden können, desto stärker entsteht ein kreisförmiger Machtprozeß: Das	123.75	450.1583557128906	9.50384521484375	348.3126220703125	37	SCTSAD+TimesNewRomanPSMT
Publikum wählt Eührungspersonen und politische Programme in der Politik, die Politi­	123.75	462.1578063964844	9.50457763671875	349.2635192871094	37	SCTSAD+TimesNewRomanPSMT
ker verdichten Prämissen für bindendes Entscheiden, die Verwaltung entscheidet und	123.75	474.1575012207031	9.504974365234375	347.74664306640625	37	SCTSAD+TimesNewRomanPSMT
bindet damit das Publikum, das seinerseits wiederum wählt. Dieser Kreislauf induziert	123.5	486.4076232910156	9.504791259765625	348.1576232910156	37	SCTSAD+TimesNewRomanPSMT
seinerseits einen Gegenkreislauf, und zwar in dem Maße, als das Verhalten unter hoch­	123.25	498.1585693359375	9.50360107421875	349.7635192871094	37	SCTSAD+TimesNewRomanPSMT
komplexen Bedingungen gewählt werden muß und so auf vorherige Reduktionen ange­	123.5	510.1573486328125	9.505126953125	349.5135192871094	37	SCTSAD+TimesNewRomanPSMT
wiesen bleibt. So kann die Politik kaum ohne Entwürfe der Verwaltung arbeiten. Das	123.25	522.1571044921875	9.505523681640625	348.570068359375	37	SCTSAD+TimesNewRomanPSMT
Publikum ist auf Vorsortierung der Personen und Programme innerhalb der Politik an­	123.05000305175781	534.1572265625	9.505279541015625	349.46351623535156	37	SCTSAD+TimesNewRomanPSMT
gewiesen. Die Verwaltung bedarf in dem Maße, als sie in komplexe Wirkungsfelder ex­	122.80000305175781	546.1556396484375	9.507293701171875	349.71351623535156	37	SCTSAD+TimesNewRomanPSMT
pandiert, der freiwilligen Mitwirkung des Publikums, muß diesem also Einfluß konze­	123.05000305175781	558.1593627929688	9.5025634765625	349.46351623535156	37	SCTSAD+TimesNewRomanPSMT
dieren. Innerhalb eines solchen Doppelkreislaufes entfallen alle „absoluten“ Anhalts­	122.80000305175781	569.9075927734375	9.504913330078125	349.71351623535156	37	SCTSAD+TimesNewRomanPSMT
punkte, alle naturrechtlichen bzw. transzendentalen Sicherheiten. Das System konsti­	123.05000305175781	582.1588134765625	9.503265380859375	349.46351623535156	37	SCTSAD+TimesNewRomanPSMT
tuiert sich als geschlossen selbstreferentielles System. Ein intensiver Umweltkontakt ist	122.05000305175781	593.9080810546875	9.504226684570312	348.6201934814453	37	SCTSAD+TimesNewRomanPSMT
damit keineswegs ausgeschlossen; aber Informationen finden nur Eingang, wenn und	121.5999984741211	605.6556396484375	9.507293701171875	348.9466323852539	37	SCTSAD+TimesNewRomanPSMT
1 1 Daß das Verhältnis von Religion und Politik bei einem solchen Ordnungsaufbau besondere Pro­	123.25	634.7806396484375	8.504165649414062	349.6869812011719	38	SCTSAD+TimesNewRomanPSMT
bleme aufwerfen mußte, liegt auf der Hand. Sie wurden zumeist im Sinne einer „nur semanti­	134.29998779296875	643.8794555664062	8.505691528320312	338.58050537109375	38	SCTSAD+TimesNewRomanPSMT
schen" Überordnung von Religion gelöst und im übrigen durch Schichtengleichheit des Füh­	133.84999084472656	652.9793701171875	8.505752563476562	339.05653381347656	38	SCTSAD+TimesNewRomanPSMT
rungspersonals in beiden Bereichen entschärft. Eine funktionale Differenzierung von Religion	134.29998779296875	662.1311645507812	8.50347900390625	336.82440185546875	38	SCTSAD+TimesNewRomanPSMT
und Politik konnte sich in einer solchen Ordnung nicht (oder allenfalls auf Rollenebene) durch­	134.29998779296875	671.2279052734375	8.5076904296875	338.3805236816406	38	SCTSAD+TimesNewRomanPSMT
setzen.	133.59999084472656	680.3801879882812	8.504684448242188	23.621475219726562	38	SCTSAD+TimesNewRomanPSMT
Machtkreislauf und Recht in Demokratien	225.25	136.8072509765625	8.499755859375	148.54171752929688	39	OTTUIW+TimesNewRomanPS-ItalicMT
165	460.4499816894531	136.01416015625	9.496337890625	12.994140625	40	SCTSAD+TimesNewRomanPSMT
soweit sie sich dem selbstreferentiellen Prozessieren dieses Systems fügen und dessen	123.5	159.75726318359375	9.5052490234375	348.61126708984375	41	SCTSAD+TimesNewRomanPSMT
Ordnung mit immer neuen Elementen reproduzieren.	123.5	172.00799560546875	9.5042724609375	212.20285034179688	41	SCTSAD+TimesNewRomanPSMT
IV.	124.0	208.49090576171875	9.495361328125	11.588485717773438	42	OTTUIW+TimesNewRomanPS-ItalicMT
Auch die Analyse des politischen Systems scheint zu bestätigen, daß eine fortgeschrit­	124.25	232.457275390625	9.5052490234375	349.4635009765625	43	SCTSAD+TimesNewRomanPSMT
tene funktionale Differenzierung des Gesellschaftssystems zu selbstreferentiellen Ord­	124.0	244.46026611328125	9.5013427734375	349.7135009765625	43	SCTSAD+TimesNewRomanPSMT
nungen auf der Ebene der Teilsysteme führt, zu Formen also, die bisher aus primär lo­	124.0	256.70892333984375	9.50311279296875	349.4635009765625	43	SCTSAD+TimesNewRomanPSMT
gischen Gründen abgelehnt bzw. als Eigenschaften des Denkens, des Bewußtseins, der	123.5	268.4580078125	9.5042724609375	348.7813720703125	43	SCTSAD+TimesNewRomanPSMT
Vernunft angesehen worden sind. Gibt man diese traditionelle, logisch begründete Ab­	124.0	280.459228515625	9.502685546875	349.7135009765625	43	SCTSAD+TimesNewRomanPSMT
lehnung selbstreferentieller Ordnungen auf — und auch Entwicklungen in der Logik	124.0	292.707275390625	9.5052490234375	348.0906066894531	43	SCTSAD+TimesNewRomanPSMT
selbst scheinen dahin zu führen12 - gelangt man zu neuartigen Fragestellungen, die so­	123.5	304.458740234375	9.50335693359375	349.9635009765625	43	SCTSAD+TimesNewRomanPSMT
wohl die in Europa übliche Kontrastierung von Materie und Geist als auch die Ideen	123.50000762939453	316.45526123046875	9.50787353515625	348.3071517944336	43	SCTSAD+TimesNewRomanPSMT
und Begriffe unterlaufen, mit denen der Übergang in die Moderne ermöglicht und zu­	123.5	328.4590148925781	9.50299072265625	349.7135009765625	43	SCTSAD+TimesNewRomanPSMT
nächst erfaßt worden war. Was Politik und Recht betrifft, so wird man lernen müssen	123.5	340.45849609375	9.503662109375	348.14849853515625	43	SCTSAD+TimesNewRomanPSMT
zu begreifen, daß nur über eine stärkere Differenzierung des politischen und des juridi­	123.25	352.45855712890625	9.52911376953125	349.7635192871094	43	SCTSAD+TimesNewRomanPSMT
schen Prozessierens von Informationen eine hohe wechselseitige Abhängigkeit beider	123.05000305175781	364.2088317871094	9.5274658203125	348.6986541748047	43	SCTSAD+TimesNewRomanPSMT
Funktionsbereiche von den Leistungen des jeweils anderen erreicht werden kann. Hö­	123.5	376.2052307128906	9.50787353515625	349.2635192871094	43	SCTSAD+TimesNewRomanPSMT
here Unabhängigkeit ist, um es paradox zu formulieren, Voraussetzung höherer Abhän­	123.25	388.209228515625	9.502716064453125	349.7635192871094	43	SCTSAD+TimesNewRomanPSMT
gigkeit; denn nur so kann eine höhere funktionale Spezifikation der Systeme erreicht	122.55000305175781	399.7587585449219	9.50335693359375	349.13514709472656	43	SCTSAD+TimesNewRomanPSMT
werden, und nur über den Ausbau einer Ordnung selbstreferentieller Produktion und	122.80000305175781	412.0083923339844	9.503814697265625	348.44664001464844	43	SCTSAD+TimesNewRomanPSMT
Reproduktion von Elementen läßt sich die Sensibilität eines Systems gegenüber seiner	123.5	423.7552490234375	9.50787353515625	348.135986328125	43	SCTSAD+TimesNewRomanPSMT
Umwelt steigern.	123.25	435.7588806152344	9.503204345703125	66.60287475585938	43	SCTSAD+TimesNewRomanPSMT
Solche Verhältnisse wechselseitiger Abhängigkeit, die wechselseitige Unabhängigkeit	123.05000305175781	447.509521484375	9.502349853515625	348.14234924316406	43	SCTSAD+TimesNewRomanPSMT
voraussetzen, sind möglich auf der Grundlage selbstreferentieller Systembildung. Da­	122.55000305175781	459.50927734375	9.502685546875	350.21351623535156	43	SCTSAD+TimesNewRomanPSMT
durch, daß die Reproduktion der Elemente, hier also rechtliche bzw. politische Ent­	122.80000305175781	471.2582092285156	9.504058837890625	349.96351623535156	43	SCTSAD+TimesNewRomanPSMT
scheidungen, durch Bezug auf andere Elemente im gleichen System zirkulär geschlos­	122.55000305175781	483.2588806152344	9.503173828125	349.71351623535156	43	SCTSAD+TimesNewRomanPSMT
sen wird, werden die Systeme voneinander unabhängig; dadurch daß sie ihre Elemente	122.80000305175781	495.25848388671875	9.503692626953125	348.38038635253906	43	SCTSAD+TimesNewRomanPSMT
als sinnhaft-auswählende Ereignisse reproduzieren, können sie sich auf das einstellen,	122.55000305175781	507.2587890625	9.5032958984375	348.0476531982422	43	SCTSAD+TimesNewRomanPSMT
was das jeweils andere System an Informationen liefert.	122.55000305175781	519.0061645507812	9.5067138671875	221.6154022216797	43	SCTSAD+TimesNewRomanPSMT
Die wechselseitige Abhängigkeit von Rechtssystem und politischem System ergibt sich	122.80000305175781	531.0052490234375	9.50787353515625	348.1094207763672	43	SCTSAD+TimesNewRomanPSMT
zunächst aus der gemeinsamen Grundlage in der Kontrolle über physische Gewalt, auf	122.80000305175781	543.0074462890625	9.505035400390625	348.72337341308594	43	SCTSAD+TimesNewRomanPSMT
die beide Systeme angewiesen bleiben. Unter modernen Bedingungen kommt hinzu,	122.29999542236328	555.009521484375	9.5023193359375	348.22081756591797	43	SCTSAD+TimesNewRomanPSMT
daß das Rechtssystem auf politisch kontrollierte (und dann wieder im Rechtssystem	122.30000305175781	567.0076904296875	9.504730224609375	348.49476623535156	43	SCTSAD+TimesNewRomanPSMT
nochmals kontrollierte) Gesetzgebung angewiesen ist. Nur so kann es die eigene Ord­	122.30000305175781	579.2598876953125	9.501922607421875	349.71351623535156	43	SCTSAD+TimesNewRomanPSMT
nungsleistung auf die Komplexität und Veränderlichkeit heutiger Lebensbedingungen	122.55000305175781	591.259765625	9.502044677734375	348.18299865722656	43	SCTSAD+TimesNewRomanPSMT
einstellen; nur so kann es seine Funktion der Absicherung von Verhaitenserwartungen	122.05000305175781	603.2589721679688	9.50311279296875	348.31529235839844	43	SCTSAD+TimesNewRomanPSMT
bei notwendigerweise instabilen gesellschaftlichen Verhältnissen erfüllen. Und umge­	122.05000305175781	615.5113525390625	9.5	349.7635040283203	43	SCTSAD+TimesNewRomanPSMT
12 Vgl. z. B. <ref>George Spencer Brown, Laws of Form, 2. Aufl. New York 1972</ref>; <ref>Francisco J. Varela,	121.8499984741211	651.3302001953125	8.504669189453125	348.08011627197266	44	SCTSAD+TimesNewRomanPSMT
A Calculus for Selfreference. International Journal of General Systems 2 (1975), S. 5-24</ref>; <ref>ders.,	132.64999389648438	660.43310546875	8.500930786132812	337.5096435546875	44	SCTSAD+TimesNewRomanPSMT
Principles of Biological Autonomy, New York 1979, S. 106 ff.</ref>; R<ref>anulph Glanville, Conscious-	132.64999389648438	669.5806884765625	8.504043579101562	338.00067138671875	44	SCTSAD+TimesNewRomanPSMT
ness; and so on, Journal of Cybernetics 10 (1980), S. 301-312</ref>.	132.64999389648438	678.6785888671875	8.506805419921875	223.71563720703125	44	SCTSAD+TimesNewRomanPSMT
166	125.6500015258789	136.713134765625	9.4976806640625	13.450416564941406	45	SCTSAD+TimesNewRomanPSMT
Niklas Lubmaim	270.6499938964844	137.75396728515625	8.50408935546875	57.227569580078125	46	OTTUIW+TimesNewRomanPS-ItalicMT
kehrt ist das politische System darauf angewiesen, daß es Entscheidungsprämissen und	124.95000457763672	161.20782470703125	9.5045166015625	347.49662017822266	47	SCTSAD+TimesNewRomanPSMT
Entscheidungen der politischen Dauerproblematisierungentziehen und sie als rechtlich	124.95000457763672	173.20855712890625	9.50360107421875	347.68631744384766	47	SCTSAD+TimesNewRomanPSMT
gegeben behandeln kann. Gerade Demokratien brauchen eine solche Entlastung, brau­	124.25	185.20880126953125	9.5032958984375	349.7135009765625	47	SCTSAD+TimesNewRomanPSMT
chen im Alltag die Möglichkeit, Entscheidungen aufs geltende Recht zu beziehen, sie	124.70000457763672	197.40765380859375	9.5047607421875	347.8511734008789	47	SCTSAD+TimesNewRomanPSMT
also external zuzurechnen. Die laufende Legitimation am „Volkswillen“ funktioniert	124.45000457763672	209.2056884765625	9.50726318359375	348.1131057739258	47	SCTSAD+TimesNewRomanPSMT
nur, wenn nicht jederzeit alles in Frage gestellt werden kann, obwohl prinzipiell alles	124.70000457763672	221.2056884765625	9.50732421875	347.7836685180664	47	SCTSAD+TimesNewRomanPSMT
für Neuentscheidung offen gehalten wird.	124.45000457763672	233.4117431640625	9.49945068359375	164.74195098876953	47	SCTSAD+TimesNewRomanPSMT
Es scheint in hochentwickelten Gesellschaftssystemen mithin Strukturzusammenhänge	124.70000457763672	245.40875244140625	9.50335693359375	347.90137481689453	47	SCTSAD+TimesNewRomanPSMT
zu geben zwischen (1) funktionaler Systemdifferenzierung, (2) hoher Autonomie der	124.25	257.2061767578125	9.50665283203125	348.4813537597656	47	SCTSAD+TimesNewRomanPSMT
Teilsysteme, (3) selbstreferentieller Operationsweise und (4) Möglichkeiten der Steige­	124.25	269.208740234375	9.50335693359375	349.7135009765625	47	SCTSAD+TimesNewRomanPSMT
rung wechselseitiger Unabhängigkeit und Abhängigkeit zugleich, so daß die Gesellschaft	124.25	281.20751953125	9.50494384765625	348.427978515625	47	SCTSAD+TimesNewRomanPSMT
das, was sie an Einheitlichkeit durch Differenzierung einbüßt, durch Interdependenzen	124.0	293.40838623046875	9.50384521484375	348.6241455078125	47	SCTSAD+TimesNewRomanPSMT
zwischen den Teilsystemen zurückgewinnen kann. Obwohl manche Beobachtungen für	124.0	305.2080078125	9.5042724609375	348.4733581542969	47	SCTSAD+TimesNewRomanPSMT
eine Entwicklung in dieser Richtung sprechen, wäre jedes Urteil über sie verfrüht. Wir	123.5	317.20751953125	9.50494384765625	348.8163146972656	47	SCTSAD+TimesNewRomanPSMT
können ähnliche Erscheinungen zu selbstreferentieller Autonomisierung auch in ande­	124.0	328.9575500488281	9.5048828125	349.4635009765625	47	SCTSAD+TimesNewRomanPSMT
ren Funktionsbereichen beobachten, vor allem natürlich in wissenschaftlicher For­	123.75	340.95953369140625	9.5023193359375	349.4635009765625	47	SCTSAD+TimesNewRomanPSMT
schung und in der an Geld orientierten Wirtschaft. Ferner fällt auf, daß Verhaltenswei­	123.5	352.7078552246094	9.504486083984375	349.7135009765625	47	SCTSAD+TimesNewRomanPSMT
sen und Mentalitäten sich diesem Gesellschaftstypus anzupassen beginnen, ohne daß	123.5	364.7057189941406	9.50726318359375	348.5179748535156	47	SCTSAD+TimesNewRomanPSMT
man die Risiken dieses Prozesses abschätzen und die sich ausbildende Gesellschaftsord­	123.75000762939453	376.70849609375	9.503662109375	349.71349334716797	47	SCTSAD+TimesNewRomanPSMT
nung im Vergleich zu anderen Möglichkeiten wählen könnte. Zielsetzungen ebenso wie	123.75	388.7061462402344	9.5067138671875	348.3130798339844	47	SCTSAD+TimesNewRomanPSMT
Abwehrreaktionen, Hoffnungen ebenso wie Befürchtungen sind durch im ganzen noch	123.5	400.7088623046875	9.503173828125	348.26470947265625	47	SCTSAD+TimesNewRomanPSMT
nicht begriffene Strukturen ausgelöst.	123.5	412.7077941894531	9.50457763671875	150.12210083007812	47	SCTSAD+TimesNewRomanPSMT
Man muß in solcher Lage eine Theorie der Gesellschaft erarbeiten und von da her	123.25	424.4578552246094	9.504486083984375	349.0308837890625	47	SCTSAD+TimesNewRomanPSMT
Recht und Politik zu begreifen suchen — auch und gerade dann, wenn man nicht be­	124.0	436.7061462402344	9.5067138671875	349.2135009765625	47	SCTSAD+TimesNewRomanPSMT
reit ist, einer solchen Ordnung vorbehaltlos zu vertrauen. Eine zureichende Begrifflich-	123.25	448.4566345214844	9.506072998046875	348.9063720703125	47	SCTSAD+TimesNewRomanPSMT
keit ist unentbehrlich, um die Wahrnehmung der sich abzeichnenden Probleme zu be­	123.5	460.70806884765625	9.50421142578125	349.7135009765625	47	SCTSAD+TimesNewRomanPSMT
schleunigen13 und um Kritik zu dirigieren. Vor allem zwei Fragen drängen sich auf, de­	123.25	472.7057189941406	9.50726318359375	349.9635009765625	47	SCTSAD+TimesNewRomanPSMT
ren Tragweite evident ist, deren Problemgehalt aber erst auf Grund einer Theorie selbst­	123.25	484.4566345214844	9.506072998046875	349.7635192871094	47	SCTSAD+TimesNewRomanPSMT
referentieller Systeme herausgearbeitet werden kann. Die eine betrifft die Umwelt des	123.25	496.4576110839844	9.50482177734375	348.5653381347656	47	SCTSAD+TimesNewRomanPSMT
Gesellschaftssystems, die andere betrifft die Verwendung der Theorie selbst.	123.05000305175781	508.7082214355469	9.504058837890625	304.3699188232422	47	SCTSAD+TimesNewRomanPSMT
Vordringlich wird man untersuchen müssen, wie selbstreferentiell-geschlossene Funk­	123.5	520.4570922851562	9.50543212890625	349.9635009765625	47	SCTSAD+TimesNewRomanPSMT
tionssysteme für Probleme der gesellschaftlichen Umwelt — oder globaler gesprochen:	123.05000305175781	532.208740234375	9.50335693359375	348.58360290527344	47	SCTSAD+TimesNewRomanPSMT
für Probleme des Ecosystems menschlichen Lebens — aufnahmebereit sein können und	123.05000305175781	544.70751953125	9.504913330078125	348.44725036621094	47	SCTSAD+TimesNewRomanPSMT
wovon eine Steigerung ihrer Informationsverarbeitungskapazität abhängt. An den hier	123.05000305175781	556.70849609375	9.503692626953125	348.76634216308594	47	SCTSAD+TimesNewRomanPSMT
behandelten Beispielen, Rechtssystem und politisches System, sieht man schon, wel­	122.80000305175781	568.9588012695312	9.50323486328125	349.96351623535156	47	SCTSAD+TimesNewRomanPSMT
che Probleme hier auftreten können, wenn alle Operationen des Systems im Selbstge­	123.05000305175781	580.9561767578125	9.506683349609375	349.71351623535156	47	SCTSAD+TimesNewRomanPSMT
spräch durchgeführt werden müssen, also juristische bzw. politische Anschlußfähigkeit	122.80000305175781	592.9580078125	9.5042724609375	348.62742614746094	47	SCTSAD+TimesNewRomanPSMT
erfordern als Bedingung ihrer Möglichkeit. Man müßte dann die Sprache des Systems,	122.55000305175781	605.2077026367188	9.504714965820312	348.54981994628906	47	SCTSAD+TimesNewRomanPSMT
die historischen Selbstbindungen, die Transformationsregeln seiner Semantik untersu­	122.29999542236328	617.208251953125	9.503952026367188	350.2135238647461	47	SCTSAD+TimesNewRomanPSMT
chen, um feststellen zu können, wie weit ein solches System auf Veränderungen in sei­	122.55000305175781	629.2063598632812	9.50640869140625	349.71351623535156	47	SCTSAD+TimesNewRomanPSMT
13 Zu Zeitproblemen dieser Art vgl. <ref>F. E. Emery/E. L. Trist, l'owards a Social Ecology: Contex-	122.30000305175781	670.2780151367188	8.507492065429688	348.7013397216797	48	SCTSAD+TimesNewRomanPSMT
tual Appreciation of the Future in the Present, London — New York 1973</ref>.	133.60000610351562	679.1796264648438	8.505447387695312	262.98223876953125	48	SCTSAD+TimesNewRomanPSMT
Machtkreislauf und Recht in Demokratien	224.29998779296875	136.80401611328125	8.50396728515625	148.291748046875	49	OTTUIW+TimesNewRomanPS-ItalicMT
167	459.25	135.7640380859375	9.4964599609375	13.19586181640625	50	SCTSAD+TimesNewRomanPSMT
ner Umwelt adäquat reagieren kann ohne Gefährdung seiner selbstreferentiellen Repro­	124.45000457763672	160.45806884765625	9.50421142578125	348.56351470947266	51	SCTSAD+TimesNewRomanPSMT
duktion.	124.0	172.4610595703125	9.5003662109375	33.1015625	51	SCTSAD+TimesNewRomanPSMT
Eine andere Frage betrifft die Funktion von Theorie in selbstreferentiellen Systemen	124.45000457763672	184.7056884765625	9.50732421875	346.89331817626953	51	SCTSAD+TimesNewRomanPSMT
und für selbstreferentielle Systeme. Seit dem 18. Jahrhundert hat Europa ein ganz un­	124.0	196.45794677734375	9.50439453125	349.0135192871094	51	SCTSAD+TimesNewRomanPSMT
gewöhnliches Ausmaß an Theorieorientierung für je spezifische Funktionssysteme pro­	123.5	208.45880126953125	9.5032958984375	349.5135192871094	51	SCTSAD+TimesNewRomanPSMT
duziert und diese Theorien in die Systeme selbst eingegeben. Man denke an Locke,	123.75	220.2091064453125	9.50286865234375	347.8765563964844	51	SCTSAD+TimesNewRomanPSMT
Montesquieu und Rousseau für das politische System, an Adam Smith oder Keynes für	123.75	232.208251953125	9.50396728515625	347.7733459472656	51	SCTSAD+TimesNewRomanPSMT
die Wirtschaft, an Hume und Kant für Erkenntnis und wissenschaftliche Forschung	123.75	244.00714111328125	9.50543212890625	347.7403259277344	51	SCTSAD+TimesNewRomanPSMT
oder an die Kette der Transformationen der Rechtstheorie, über die oben berichtet	123.5	256.00787353515625	9.50445556640625	348.0895690917969	51	SCTSAD+TimesNewRomanPSMT
wurde. Am Ende des Jahrhunderts findet man bereits Reflexionen über den Einbau	123.75	268.00714111328125	9.50543212890625	347.5178527832031	51	SCTSAD+TimesNewRomanPSMT
von Theorie in das System, das die Theorie beschreibt. So enthält Friedrich Schlegels	123.25	279.757080078125	9.5054931640625	348.44110107421875	51	SCTSAD+TimesNewRomanPSMT
Roman Lucinde14 eine Theorie des Romans als Teil des Romans. Das alles ist jedoch	124.0	291.7576904296875	9.50469970703125	347.13226318359375	51	SCTSAD+TimesNewRomanPSMT
nicht adäquat weitergeführt worden. In dem Maße, als man in der sozialen Wirklichkeit	123.75	303.75787353515625	9.50445556640625	347.2156066894531	51	SCTSAD+TimesNewRomanPSMT
jedoch mit sozialen Systemen konfrontiert ist, die eine Theorie über sich selbst als Bau­	122.55000305175781	315.506591796875	9.506103515625	349.96351623535156	51	SCTSAD+TimesNewRomanPSMT
element in sich selbst enthalten - man denke nur an „marxistisch“ orientierte Gesell­	123.25	327.5074768066406	9.5050048828125	349.2635192871094	51	SCTSAD+TimesNewRomanPSMT
schaften —, entsteht ein Bedarf für Theorien, die die Probleme eines solchen selbstrefe­	123.5	339.5069885253906	9.505645751953125	349.7135009765625	51	SCTSAD+TimesNewRomanPSMT
rentiellen Theoriegebrauchs behandeln können — etwa Fragen der Kritikfähigkeit, der	123.5	351.25665283203125	9.506072998046875	348.283203125	51	SCTSAD+TimesNewRomanPSMT
Lernfähigkeit oder der Inflation bzw. Deflation des Vertrauens in Theorie.	124.0	363.2580261230469	9.504302978515625	296.71221923828125	51	SCTSAD+TimesNewRomanPSMT
Solche Probleme setzen die herkömmlichen Probleme der Verhinderung der Willkür	123.5	375.2589416503906	9.50311279296875	348.04193115234375	51	SCTSAD+TimesNewRomanPSMT
politischen Machtgebrauchs oder der Begründung von Rechtsentscheidungen durch Ver­	123.75	387.2552490234375	9.50787353515625	349.0135192871094	51	SCTSAD+TimesNewRomanPSMT
weis auf Unbezweifelbares nicht außer Kraft. Nach wie vor wird man es auch mit Pro­	123.05000305175781	399.50799560546875	9.50433349609375	349.21351623535156	51	SCTSAD+TimesNewRomanPSMT
blemen zu tun haben, auf die unser Denken und unsere institutionellen Vorkehrungen	122.80000305175781	411.75616455078125	9.5067138671875	347.7238006591797	51	SCTSAD+TimesNewRomanPSMT
seit alters ausgerichtet waren. Wenn wir uns jedoch ausschließlich mit diesen Fragen	122.80000305175781	423.50714111328125	9.50543212890625	347.8380889892578	51	SCTSAD+TimesNewRomanPSMT
befassen, werden wir diejenigen Probleme verfehlen, die in einem ganz neuartigen Ty­	122.80000305175781	435.7596130371094	9.50225830078125	349.46351623535156	51	SCTSAD+TimesNewRomanPSMT
pus von Gesellschaft vordringlich zu lösen sind.	123.05000305175781	447.50714111328125	9.50543212890625	187.5139617919922	51	SCTSAD+TimesNewRomanPSMT
14 Berlin 1799.	122.80000305175781	677.977783203125	8.507797241210938	53.51434326171875	52	SCTSAD+TimesNewRomanPSMT